1,Соловьев Артем,2024-02-05,соловьев.артем@yahoo.com
2,Кузнецов Алексей,2024-05-06,кузнецов.алексей@hotmail.com
3,Кузнецов Алексей,2024-05-19,кузнецов.алексей@example.com
4,Попов Андрей,2024-08-25,попов.андрей@mail.ru
5,Иванов Иван,2024-09-25,иванов.иван@gmail.com
6,Соловьев Артем,2024-03-16,соловьев.артем@yahoo.com
7,Попов Андрей,2023-12-27,попов.андрей@gmail.com
8,Морозов Дмитрий,2024-03-10,морозов.дмитрий@hotmail.com
9,Васильев Василий,2024-03-07,васильев.василий@yahoo.com
10,Морозов Дмитрий,2024-06-24,морозов.дмитрий@mail.ru
11,Петров Петр,2024-10-31,петров.петр@hotmail.com
12,Иванов Иван,2024-11-01,иванов.иван@yahoo.com
13,Кузнецов Алексей,2024-10-22,кузнецов.алексей@gmail.com
14,Морозов Дмитрий,2024-09-26,морозов.дмитрий@example.com
15,Соловьев Артем,2024-04-19,соловьев.артем@gmail.com
16,Соловьев Артем,2023-12-22,соловьев.артем@hotmail.com
17,Петров Петр,2024-01-14,петров.петр@gmail.com
18,Николаев Николай,2024-05-11,николаев.николай@hotmail.com
19,Иванов Иван,2024-03-28,иванов.иван@yahoo.com
20,Смирнов Сергей,2024-09-08,смирнов.сергей@yahoo.com
21,Смирнов Сергей,2024-01-08,смирнов.сергей@yahoo.com
22,Соловьев Артем,2024-11-15,соловьев.артем@hotmail.com
23,Сидоров Сидор,2024-10-21,сидоров.сидор@mail.ru
24,Петров Петр,2024-01-01,петров.петр@hotmail.com
25,Васильев Василий,2024-10-09,васильев.василий@mail.ru
26,Кузнецов Алексей,2024-09-13,кузнецов.алексей@yahoo.com
27,Соловьев Артем,2024-10-25,соловьев.артем@hotmail.com
28,Васильев Василий,2024-07-12,васильев.василий@mail.ru
29,Николаев Николай,2024-04-24,николаев.николай@hotmail.com
30,Соловьев Артем,2024-01-26,соловьев.артем@yahoo.com
31,Смирнов Сергей,2024-10-14,смирнов.сергей@mail.ru
32,Васильев Василий,2024-07-18,васильев.василий@mail.ru
33,Попов Андрей,2024-06-04,попов.андрей@mail.ru
34,Соловьев Артем,2024-08-17,соловьев.артем@mail.ru
35,Васильев Василий,2024-01-15,васильев.василий@mail.ru
36,Васильев Василий,2024-08-17,васильев.василий@mail.ru
37,Николаев Николай,2023-12-16,николаев.николай@mail.ru
38,Иванов Иван,2024-01-24,иванов.иван@gmail.com
39,Иванов Иван,2024-08-07,иванов.иван@hotmail.com
40,Попов Андрей,2024-05-24,попов.андрей@yahoo.com
41,Морозов Дмитрий,2024-11-29,морозов.дмитрий@mail.ru
42,Николаев Николай,2024-04-26,николаев.николай@mail.ru
43,Смирнов Сергей,2024-08-18,смирнов.сергей@yahoo.com
44,Морозов Дмитрий,2024-01-17,морозов.дмитрий@hotmail.com
45,Смирнов Сергей,2024-03-18,смирнов.сергей@mail.ru
46,Кузнецов Алексей,2024-05-14,кузнецов.алексей@yahoo.com
47,Васильев Василий,2024-08-04,васильев.василий@mail.ru
48,Морозов Дмитрий,2024-09-16,морозов.дмитрий@gmail.com
49,Кузнецов Алексей,2024-02-09,кузнецов.алексей@gmail.com
50,Петров Петр,2024-02-20,петров.петр@yahoo.com
51,Соловьев Артем,2024-07-20,соловьев.артем@hotmail.com
52,Васильев Василий,2024-09-28,васильев.василий@hotmail.com
53,Иванов Иван,2024-01-26,иванов.иван@yahoo.com
54,Иванов Иван,2024-01-23,иванов.иван@gmail.com
55,Кузнецов Алексей,2024-05-03,кузнецов.алексей@yahoo.com
56,Попов Андрей,2024-09-07,попов.андрей@gmail.com
57,Сидоров Сидор,2024-09-23,сидоров.сидор@mail.ru
58,Петров Петр,2024-07-10,петров.петр@gmail.com
59,Попов Андрей,2024-03-05,попов.андрей@mail.ru
60,Соловьев Артем,2023-12-30,соловьев.артем@yahoo.com
61,Соловьев Артем,2024-07-20,соловьев.артем@mail.ru
62,Иванов Иван,2024-09-13,иванов.иван@gmail.com
63,Сидоров Сидор,2024-01-24,сидоров.сидор@gmail.com
64,Попов Андрей,2024-10-26,попов.андрей@gmail.com
65,Смирнов Сергей,2024-12-10,смирнов.сергей@gmail.com
66,Попов Андрей,2024-07-18,попов.андрей@yahoo.com
67,Николаев Николай,2024-08-13,николаев.николай@gmail.com
68,Морозов Дмитрий,2024-02-04,морозов.дмитрий@hotmail.com
69,Иванов Иван,2024-10-11,иванов.иван@yahoo.com
70,Иванов Иван,2024-12-10,иванов.иван@mail.ru
71,Кузнецов Алексей,2024-09-24,кузнецов.алексей@example.com
72,Иванов Иван,2024-07-25,иванов.иван@example.com
73,Попов Андрей,2024-09-14,попов.андрей@gmail.com
74,Кузнецов Алексей,2024-10-29,кузнецов.алексей@yahoo.com
75,Васильев Василий,2024-11-04,васильев.василий@gmail.com
76,Сидоров Сидор,2024-06-29,сидоров.сидор@example.com
77,Васильев Василий,2024-06-28,васильев.василий@example.com
78,Соловьев Артем,2024-12-07,соловьев.артем@hotmail.com
79,Сидоров Сидор,2024-10-24,сидоров.сидор@mail.ru
80,Соловьев Артем,2024-06-13,соловьев.артем@mail.ru
81,Смирнов Сергей,2024-09-29,смирнов.сергей@example.com
82,Сидоров Сидор,2024-03-21,сидоров.сидор@gmail.com
83,Сидоров Сидор,2024-07-29,сидоров.сидор@gmail.com
84,Сидоров Сидор,2024-04-29,сидоров.сидор@mail.ru
85,Николаев Николай,2024-01-15,николаев.николай@yahoo.com
86,Смирнов Сергей,2024-04-04,смирнов.сергей@yahoo.com
87,Попов Андрей,2024-03-26,попов.андрей@yahoo.com
88,Смирнов Сергей,2024-07-20,смирнов.сергей@yahoo.com
89,Иванов Иван,2024-08-02,иванов.иван@example.com
90,Морозов Дмитрий,2024-07-11,морозов.дмитрий@hotmail.com
91,Попов Андрей,2024-01-15,попов.андрей@example.com
92,Морозов Дмитрий,2024-07-04,морозов.дмитрий@gmail.com
93,Петров Петр,2024-07-11,петров.петр@example.com
94,Петров Петр,2024-09-30,петров.петр@yahoo.com
95,Петров Петр,2024-11-17,петров.петр@gmail.com
96,Соловьев Артем,2024-11-07,соловьев.артем@hotmail.com
97,Соловьев Артем,2024-10-29,соловьев.артем@gmail.com
98,Попов Андрей,2024-05-23,попов.андрей@example.com
99,Соловьев Артем,2024-01-27,соловьев.артем@example.com
100,Попов Андрей,2024-03-22,попов.андрей@example.com
101,Попов Андрей,2023-12-26,попов.андрей@hotmail.com
102,Васильев Василий,2024-04-17,васильев.василий@gmail.com
103,Иванов Иван,2024-10-22,иванов.иван@example.com
104,Кузнецов Алексей,2024-04-12,кузнецов.алексей@example.com
105,Васильев Василий,2024-09-07,васильев.василий@hotmail.com
106,Иванов Иван,2024-09-03,иванов.иван@gmail.com
107,Попов Андрей,2024-02-17,попов.андрей@yahoo.com
108,Николаев Николай,2024-02-24,николаев.николай@yahoo.com
109,Попов Андрей,2024-02-07,попов.андрей@gmail.com
110,Петров Петр,2024-08-01,петров.петр@hotmail.com
111,Сидоров Сидор,2024-02-04,сидоров.сидор@mail.ru
112,Иванов Иван,2024-02-15,иванов.иван@yahoo.com
113,Николаев Николай,2024-05-10,николаев.николай@hotmail.com
114,Смирнов Сергей,2024-06-25,смирнов.сергей@mail.ru
115,Сидоров Сидор,2024-01-16,сидоров.сидор@example.com
116,Кузнецов Алексей,2024-07-11,кузнецов.алексей@yahoo.com
117,Васильев Василий,2024-01-08,васильев.василий@yahoo.com
118,Иванов Иван,2024-01-05,иванов.иван@example.com
119,Кузнецов Алексей,2024-02-19,кузнецов.алексей@gmail.com
120,Попов Андрей,2024-07-05,попов.андрей@gmail.com
121,Попов Андрей,2024-08-02,попов.андрей@example.com
122,Попов Андрей,2024-05-03,попов.андрей@mail.ru
123,Смирнов Сергей,2024-06-27,смирнов.сергей@yahoo.com
124,Петров Петр,2024-11-20,петров.петр@mail.ru
125,Кузнецов Алексей,2024-11-18,кузнецов.алексей@example.com
126,Сидоров Сидор,2024-02-16,сидоров.сидор@hotmail.com
127,Смирнов Сергей,2024-01-05,смирнов.сергей@example.com
128,Николаев Николай,2024-03-18,николаев.николай@hotmail.com
129,Морозов Дмитрий,2023-12-20,морозов.дмитрий@example.com
130,Иванов Иван,2024-01-01,иванов.иван@example.com
131,Попов Андрей,2024-06-22,попов.андрей@example.com
132,Кузнецов Алексей,2024-06-13,кузнецов.алексей@mail.ru
133,Иванов Иван,2024-06-16,иванов.иван@gmail.com
134,Смирнов Сергей,2024-05-14,смирнов.сергей@mail.ru
135,Иванов Иван,2024-09-05,иванов.иван@mail.ru
136,Николаев Николай,2024-05-23,николаев.николай@hotmail.com
137,Соловьев Артем,2024-06-21,соловьев.артем@mail.ru
138,Кузнецов Алексей,2024-10-23,кузнецов.алексей@gmail.com
139,Иванов Иван,2024-06-01,иванов.иван@mail.ru
140,Петров Петр,2024-04-19,петров.петр@example.com
141,Соловьев Артем,2024-11-08,соловьев.артем@gmail.com
142,Васильев Василий,2024-03-01,васильев.василий@yahoo.com
143,Николаев Николай,2024-06-08,николаев.николай@example.com
144,Петров Петр,2024-08-11,петров.петр@yahoo.com
145,Кузнецов Алексей,2024-06-28,кузнецов.алексей@yahoo.com
146,Смирнов Сергей,2024-11-05,смирнов.сергей@mail.ru
147,Смирнов Сергей,2024-11-18,смирнов.сергей@yahoo.com
148,Васильев Василий,2024-07-07,васильев.василий@hotmail.com
149,Петров Петр,2024-03-22,петров.петр@mail.ru
150,Петров Петр,2024-11-11,петров.петр@hotmail.com
151,Николаев Николай,2024-04-14,николаев.николай@example.com
152,Кузнецов Алексей,2024-12-06,кузнецов.алексей@yahoo.com
153,Петров Петр,2024-10-25,петров.петр@mail.ru
154,Петров Петр,2023-12-23,петров.петр@gmail.com
155,Петров Петр,2024-04-09,петров.петр@gmail.com
156,Васильев Василий,2024-07-16,васильев.василий@example.com
157,Морозов Дмитрий,2024-09-12,морозов.дмитрий@yahoo.com
158,Морозов Дмитрий,2024-12-06,морозов.дмитрий@hotmail.com
159,Васильев Василий,2024-03-12,васильев.василий@mail.ru
160,Попов Андрей,2024-11-12,попов.андрей@gmail.com
161,Иванов Иван,2024-08-29,иванов.иван@gmail.com
162,Васильев Василий,2024-04-12,васильев.василий@yahoo.com
163,Попов Андрей,2024-03-26,попов.андрей@hotmail.com
164,Соловьев Артем,2024-09-18,соловьев.артем@example.com
165,Попов Андрей,2024-06-26,попов.андрей@mail.ru
166,Попов Андрей,2024-12-12,попов.андрей@example.com
167,Соловьев Артем,2024-05-18,соловьев.артем@mail.ru
168,Петров Петр,2024-09-23,петров.петр@hotmail.com
169,Кузнецов Алексей,2024-10-25,кузнецов.алексей@gmail.com
170,Сидоров Сидор,2023-12-29,сидоров.сидор@example.com
171,Петров Петр,2024-05-12,петров.петр@hotmail.com
172,Васильев Василий,2024-10-20,васильев.василий@hotmail.com
173,Николаев Николай,2024-11-08,николаев.николай@yahoo.com
174,Морозов Дмитрий,2024-01-07,морозов.дмитрий@yahoo.com
175,Попов Андрей,2024-04-17,попов.андрей@example.com
176,Попов Андрей,2024-11-17,попов.андрей@hotmail.com
177,Николаев Николай,2024-06-11,николаев.николай@gmail.com
178,Петров Петр,2024-03-08,петров.петр@mail.ru
179,Кузнецов Алексей,2024-02-20,кузнецов.алексей@example.com
180,Соловьев Артем,2024-07-13,соловьев.артем@gmail.com
181,Сидоров Сидор,2024-08-28,сидоров.сидор@hotmail.com
182,Соловьев Артем,2024-06-29,соловьев.артем@mail.ru
183,Иванов Иван,2024-11-30,иванов.иван@yahoo.com
184,Петров Петр,2024-01-17,петров.петр@mail.ru
185,Николаев Николай,2024-10-17,николаев.николай@mail.ru
186,Васильев Василий,2024-03-16,васильев.василий@gmail.com
187,Морозов Дмитрий,2024-07-30,морозов.дмитрий@yahoo.com
188,Морозов Дмитрий,2024-11-10,морозов.дмитрий@mail.ru
189,Сидоров Сидор,2024-04-23,сидоров.сидор@example.com
190,Петров Петр,2023-12-22,петров.петр@yahoo.com
191,Иванов Иван,2024-12-02,иванов.иван@example.com
192,Николаев Николай,2024-07-22,николаев.николай@example.com
193,Попов Андрей,2024-08-03,попов.андрей@mail.ru
194,Сидоров Сидор,2024-09-19,сидоров.сидор@hotmail.com
195,Николаев Николай,2024-11-15,николаев.николай@mail.ru
196,Смирнов Сергей,2024-02-11,смирнов.сергей@example.com
197,Сидоров Сидор,2024-04-30,сидоров.сидор@example.com
198,Петров Петр,2024-10-18,петров.петр@yahoo.com
199,Соловьев Артем,2024-08-15,соловьев.артем@example.com
200,Сидоров Сидор,2024-01-16,сидоров.сидор@yahoo.com
201,Попов Андрей,2024-12-07,попов.андрей@gmail.com
202,Кузнецов Алексей,2024-12-13,кузнецов.алексей@mail.ru
203,Соловьев Артем,2024-08-11,соловьев.артем@hotmail.com
204,Соловьев Артем,2024-01-12,соловьев.артем@yahoo.com
205,Петров Петр,2024-10-10,петров.петр@gmail.com
206,Соловьев Артем,2024-04-02,соловьев.артем@yahoo.com
207,Сидоров Сидор,2024-08-05,сидоров.сидор@hotmail.com
208,Кузнецов Алексей,2024-09-11,кузнецов.алексей@mail.ru
209,Смирнов Сергей,2024-11-27,смирнов.сергей@example.com
210,Николаев Николай,2024-09-15,николаев.николай@gmail.com
211,Васильев Василий,2024-03-22,васильев.василий@example.com
212,Петров Петр,2024-06-01,петров.петр@example.com
213,Соловьев Артем,2024-08-24,соловьев.артем@gmail.com
214,Иванов Иван,2024-04-20,иванов.иван@hotmail.com
215,Смирнов Сергей,2024-06-06,смирнов.сергей@mail.ru
216,Васильев Василий,2024-11-28,васильев.василий@mail.ru
217,Кузнецов Алексей,2024-04-29,кузнецов.алексей@yahoo.com
218,Морозов Дмитрий,2024-06-14,морозов.дмитрий@yahoo.com
219,Васильев Василий,2024-08-17,васильев.василий@hotmail.com
220,Иванов Иван,2024-01-10,иванов.иван@mail.ru
221,Сидоров Сидор,2023-12-18,сидоров.сидор@gmail.com
222,Кузнецов Алексей,2024-11-16,кузнецов.алексей@hotmail.com
223,Сидоров Сидор,2024-11-16,сидоров.сидор@yahoo.com
224,Иванов Иван,2024-09-10,иванов.иван@yahoo.com
225,Соловьев Артем,2024-09-20,соловьев.артем@example.com
226,Сидоров Сидор,2024-05-08,сидоров.сидор@mail.ru
227,Иванов Иван,2024-04-10,иванов.иван@example.com
228,Кузнецов Алексей,2024-05-28,кузнецов.алексей@yahoo.com
229,Васильев Василий,2024-10-11,васильев.василий@hotmail.com
230,Николаев Николай,2024-10-25,николаев.николай@gmail.com
231,Сидоров Сидор,2024-07-24,сидоров.сидор@hotmail.com
232,Смирнов Сергей,2024-08-08,смирнов.сергей@mail.ru
233,Попов Андрей,2024-01-09,попов.андрей@gmail.com
234,Петров Петр,2024-08-29,петров.петр@hotmail.com
235,Иванов Иван,2024-01-03,иванов.иван@hotmail.com
236,Петров Петр,2024-01-21,петров.петр@hotmail.com
237,Соловьев Артем,2024-11-08,соловьев.артем@hotmail.com
238,Петров Петр,2023-12-28,петров.петр@gmail.com
239,Николаев Николай,2024-08-03,николаев.николай@gmail.com
240,Сидоров Сидор,2024-11-24,сидоров.сидор@gmail.com
241,Иванов Иван,2024-01-18,иванов.иван@example.com
242,Соловьев Артем,2024-09-03,соловьев.артем@gmail.com
243,Петров Петр,2024-06-15,петров.петр@hotmail.com
244,Морозов Дмитрий,2024-03-17,морозов.дмитрий@hotmail.com
245,Морозов Дмитрий,2024-06-13,морозов.дмитрий@example.com
246,Попов Андрей,2024-07-16,попов.андрей@example.com
247,Петров Петр,2024-06-11,петров.петр@example.com
248,Соловьев Артем,2024-01-29,соловьев.артем@yahoo.com
249,Кузнецов Алексей,2024-08-11,кузнецов.алексей@gmail.com
250,Сидоров Сидор,2024-12-11,сидоров.сидор@mail.ru
251,Кузнецов Алексей,2024-01-03,кузнецов.алексей@yahoo.com
252,Смирнов Сергей,2024-08-07,смирнов.сергей@hotmail.com
253,Васильев Василий,2024-08-01,васильев.василий@hotmail.com
254,Кузнецов Алексей,2024-07-06,кузнецов.алексей@hotmail.com
255,Иванов Иван,2024-11-05,иванов.иван@yahoo.com
256,Иванов Иван,2024-06-05,иванов.иван@mail.ru
257,Соловьев Артем,2024-04-03,соловьев.артем@hotmail.com
258,Иванов Иван,2024-02-20,иванов.иван@example.com
259,Кузнецов Алексей,2024-03-09,кузнецов.алексей@gmail.com
260,Морозов Дмитрий,2024-04-07,морозов.дмитрий@gmail.com
261,Васильев Василий,2024-11-04,васильев.василий@example.com
262,Попов Андрей,2024-08-07,попов.андрей@mail.ru
263,Николаев Николай,2024-07-09,николаев.николай@yahoo.com
264,Смирнов Сергей,2024-06-27,смирнов.сергей@example.com
265,Николаев Николай,2024-05-23,николаев.николай@gmail.com
266,Морозов Дмитрий,2024-05-25,морозов.дмитрий@mail.ru
267,Смирнов Сергей,2024-04-04,смирнов.сергей@example.com
268,Смирнов Сергей,2024-09-20,смирнов.сергей@gmail.com
269,Сидоров Сидор,2024-10-18,сидоров.сидор@hotmail.com
270,Соловьев Артем,2024-08-24,соловьев.артем@gmail.com
271,Кузнецов Алексей,2024-08-28,кузнецов.алексей@gmail.com
272,Кузнецов Алексей,2024-05-11,кузнецов.алексей@mail.ru
273,Морозов Дмитрий,2024-07-11,морозов.дмитрий@yahoo.com
274,Николаев Николай,2024-03-18,николаев.николай@example.com
275,Соловьев Артем,2024-11-08,соловьев.артем@hotmail.com
276,Васильев Василий,2024-03-24,васильев.василий@example.com
277,Смирнов Сергей,2024-02-23,смирнов.сергей@mail.ru
278,Смирнов Сергей,2023-12-28,смирнов.сергей@gmail.com
279,Сидоров Сидор,2024-02-27,сидоров.сидор@yahoo.com
280,Сидоров Сидор,2024-01-26,сидоров.сидор@gmail.com
281,Иванов Иван,2024-04-04,иванов.иван@gmail.com
282,Петров Петр,2024-01-31,петров.петр@yahoo.com
283,Сидоров Сидор,2024-10-12,сидоров.сидор@mail.ru
284,Николаев Николай,2024-02-15,николаев.николай@example.com
285,Попов Андрей,2024-11-11,попов.андрей@mail.ru
286,Иванов Иван,2024-07-26,иванов.иван@gmail.com
287,Соловьев Артем,2024-11-19,соловьев.артем@gmail.com
288,Николаев Николай,2024-02-02,николаев.николай@mail.ru
289,Николаев Николай,2024-03-30,николаев.николай@example.com
290,Петров Петр,2024-03-15,петров.петр@hotmail.com
291,Васильев Василий,2024-07-03,васильев.василий@example.com
292,Кузнецов Алексей,2024-03-12,кузнецов.алексей@mail.ru
293,Смирнов Сергей,2024-01-19,смирнов.сергей@hotmail.com
294,Петров Петр,2024-08-22,петров.петр@yahoo.com
295,Николаев Николай,2024-10-09,николаев.николай@hotmail.com
296,Морозов Дмитрий,2024-10-04,морозов.дмитрий@mail.ru
297,Васильев Василий,2024-09-21,васильев.василий@example.com
298,Сидоров Сидор,2023-12-19,сидоров.сидор@yahoo.com
299,Попов Андрей,2024-05-27,попов.андрей@hotmail.com
300,Петров Петр,2024-03-05,петров.петр@mail.ru
301,Сидоров Сидор,2024-10-27,сидоров.сидор@yahoo.com
302,Сидоров Сидор,2024-04-13,сидоров.сидор@mail.ru
303,Смирнов Сергей,2024-02-25,смирнов.сергей@hotmail.com
304,Соловьев Артем,2024-01-29,соловьев.артем@yahoo.com
305,Петров Петр,2024-09-05,петров.петр@example.com
306,Кузнецов Алексей,2024-05-10,кузнецов.алексей@example.com
307,Смирнов Сергей,2024-02-23,смирнов.сергей@hotmail.com
308,Кузнецов Алексей,2024-10-16,кузнецов.алексей@hotmail.com
309,Смирнов Сергей,2023-12-25,смирнов.сергей@gmail.com
310,Соловьев Артем,2024-03-18,соловьев.артем@mail.ru
311,Кузнецов Алексей,2023-12-18,кузнецов.алексей@hotmail.com
312,Кузнецов Алексей,2024-03-19,кузнецов.алексей@gmail.com
313,Николаев Николай,2024-06-12,николаев.николай@yahoo.com
314,Иванов Иван,2024-04-12,иванов.иван@example.com
315,Смирнов Сергей,2024-05-21,смирнов.сергей@gmail.com
316,Кузнецов Алексей,2024-10-09,кузнецов.алексей@mail.ru
317,Петров Петр,2024-05-20,петров.петр@mail.ru
318,Васильев Василий,2024-08-25,васильев.василий@yahoo.com
319,Соловьев Артем,2024-08-25,соловьев.артем@hotmail.com
320,Морозов Дмитрий,2024-04-13,морозов.дмитрий@gmail.com
321,Петров Петр,2024-02-12,петров.петр@mail.ru
322,Морозов Дмитрий,2024-06-28,морозов.дмитрий@example.com
323,Петров Петр,2024-01-23,петров.петр@hotmail.com
324,Соловьев Артем,2024-10-25,соловьев.артем@hotmail.com
325,Николаев Николай,2024-05-17,николаев.николай@hotmail.com
326,Попов Андрей,2024-09-10,попов.андрей@hotmail.com
327,Иванов Иван,2024-06-10,иванов.иван@gmail.com
328,Петров Петр,2024-07-20,петров.петр@mail.ru
329,Кузнецов Алексей,2024-12-09,кузнецов.алексей@gmail.com
330,Иванов Иван,2024-01-03,иванов.иван@mail.ru
331,Иванов Иван,2024-07-22,иванов.иван@example.com
332,Смирнов Сергей,2024-11-24,смирнов.сергей@gmail.com
333,Соловьев Артем,2024-04-22,соловьев.артем@mail.ru
334,Петров Петр,2024-11-22,петров.петр@example.com
335,Кузнецов Алексей,2024-09-06,кузнецов.алексей@mail.ru
336,Кузнецов Алексей,2024-11-08,кузнецов.алексей@example.com
337,Петров Петр,2024-02-13,петров.петр@yahoo.com
338,Соловьев Артем,2024-09-10,соловьев.артем@gmail.com
339,Попов Андрей,2024-06-15,попов.андрей@yahoo.com
340,Попов Андрей,2024-11-20,попов.андрей@yahoo.com
341,Петров Петр,2024-09-28,петров.петр@mail.ru
342,Васильев Василий,2024-07-31,васильев.василий@hotmail.com
343,Васильев Василий,2024-06-28,васильев.василий@hotmail.com
344,Смирнов Сергей,2024-06-29,смирнов.сергей@mail.ru
345,Сидоров Сидор,2024-05-13,сидоров.сидор@gmail.com
346,Морозов Дмитрий,2024-01-30,морозов.дмитрий@mail.ru
347,Иванов Иван,2024-01-11,иванов.иван@yahoo.com
348,Сидоров Сидор,2024-05-31,сидоров.сидор@hotmail.com
349,Петров Петр,2024-01-11,петров.петр@gmail.com
350,Иванов Иван,2024-09-02,иванов.иван@hotmail.com
351,Васильев Василий,2024-06-13,васильев.василий@hotmail.com
352,Кузнецов Алексей,2024-06-30,кузнецов.алексей@example.com
353,Кузнецов Алексей,2024-05-29,кузнецов.алексей@gmail.com
354,Васильев Василий,2024-09-20,васильев.василий@example.com
355,Петров Петр,2024-04-28,петров.петр@yahoo.com
356,Иванов Иван,2024-08-06,иванов.иван@hotmail.com
357,Морозов Дмитрий,2024-01-29,морозов.дмитрий@yahoo.com
358,Соловьев Артем,2024-06-22,соловьев.артем@hotmail.com
359,Попов Андрей,2024-02-16,попов.андрей@gmail.com
360,Кузнецов Алексей,2024-10-03,кузнецов.алексей@example.com
361,Николаев Николай,2024-03-29,николаев.николай@gmail.com
362,Морозов Дмитрий,2024-08-06,морозов.дмитрий@mail.ru
363,Сидоров Сидор,2024-08-12,сидоров.сидор@gmail.com
364,Николаев Николай,2024-07-05,николаев.николай@gmail.com
365,Васильев Василий,2024-06-18,васильев.василий@mail.ru
366,Петров Петр,2024-09-10,петров.петр@mail.ru
367,Кузнецов Алексей,2024-01-28,кузнецов.алексей@gmail.com
368,Николаев Николай,2024-11-27,николаев.николай@gmail.com
369,Соловьев Артем,2024-05-02,соловьев.артем@hotmail.com
370,Соловьев Артем,2024-02-16,соловьев.артем@example.com
371,Соловьев Артем,2024-05-08,соловьев.артем@mail.ru
372,Иванов Иван,2024-03-24,иванов.иван@yahoo.com
373,Петров Петр,2024-11-05,петров.петр@yahoo.com
374,Соловьев Артем,2024-03-06,соловьев.артем@hotmail.com
375,Николаев Николай,2024-09-19,николаев.николай@gmail.com
376,Иванов Иван,2024-10-15,иванов.иван@mail.ru
377,Николаев Николай,2024-02-06,николаев.николай@yahoo.com
378,Попов Андрей,2024-04-11,попов.андрей@hotmail.com
379,Морозов Дмитрий,2024-05-16,морозов.дмитрий@mail.ru
380,Николаев Николай,2024-12-14,николаев.николай@example.com
381,Николаев Николай,2024-06-15,николаев.николай@hotmail.com
382,Морозов Дмитрий,2024-05-10,морозов.дмитрий@hotmail.com
383,Николаев Николай,2024-09-12,николаев.николай@yahoo.com
384,Соловьев Артем,2024-02-08,соловьев.артем@mail.ru
385,Кузнецов Алексей,2024-05-05,кузнецов.алексей@gmail.com
386,Васильев Василий,2024-04-26,васильев.василий@mail.ru
387,Морозов Дмитрий,2024-04-12,морозов.дмитрий@yahoo.com
388,Сидоров Сидор,2024-11-13,сидоров.сидор@example.com
389,Николаев Николай,2024-08-22,николаев.николай@gmail.com
390,Кузнецов Алексей,2024-02-24,кузнецов.алексей@example.com
391,Соловьев Артем,2024-06-09,соловьев.артем@mail.ru
392,Николаев Николай,2024-10-05,николаев.николай@hotmail.com
393,Сидоров Сидор,2024-05-08,сидоров.сидор@hotmail.com
394,Сидоров Сидор,2024-10-29,сидоров.сидор@example.com
395,Иванов Иван,2024-10-16,иванов.иван@example.com
396,Кузнецов Алексей,2024-04-17,кузнецов.алексей@hotmail.com
397,Иванов Иван,2024-05-07,иванов.иван@example.com
398,Васильев Василий,2024-01-16,васильев.василий@hotmail.com
399,Смирнов Сергей,2024-05-01,смирнов.сергей@hotmail.com
400,Морозов Дмитрий,2024-02-10,морозов.дмитрий@yahoo.com
401,Сидоров Сидор,2024-01-11,сидоров.сидор@yahoo.com
402,Попов Андрей,2024-04-22,попов.андрей@mail.ru
403,Смирнов Сергей,2024-01-13,смирнов.сергей@yahoo.com
404,Морозов Дмитрий,2024-04-05,морозов.дмитрий@gmail.com
405,Николаев Николай,2024-01-21,николаев.николай@yahoo.com
406,Кузнецов Алексей,2024-09-20,кузнецов.алексей@gmail.com
407,Николаев Николай,2024-10-14,николаев.николай@hotmail.com
408,Иванов Иван,2024-03-01,иванов.иван@gmail.com
409,Смирнов Сергей,2024-05-07,смирнов.сергей@hotmail.com
410,Соловьев Артем,2023-12-18,соловьев.артем@example.com
411,Иванов Иван,2024-05-14,иванов.иван@gmail.com
412,Васильев Василий,2024-06-29,васильев.василий@example.com
413,Смирнов Сергей,2024-06-25,смирнов.сергей@hotmail.com
414,Кузнецов Алексей,2023-12-29,кузнецов.алексей@hotmail.com
415,Морозов Дмитрий,2024-10-04,морозов.дмитрий@hotmail.com
416,Кузнецов Алексей,2024-06-24,кузнецов.алексей@example.com
417,Соловьев Артем,2024-08-29,соловьев.артем@mail.ru
418,Попов Андрей,2024-07-28,попов.андрей@mail.ru
419,Кузнецов Алексей,2024-07-06,кузнецов.алексей@mail.ru
420,Кузнецов Алексей,2024-04-16,кузнецов.алексей@gmail.com
421,Соловьев Артем,2024-10-21,соловьев.артем@hotmail.com
422,Николаев Николай,2024-05-10,николаев.николай@hotmail.com
423,Петров Петр,2024-03-15,петров.петр@hotmail.com
424,Кузнецов Алексей,2024-11-11,кузнецов.алексей@example.com
425,Петров Петр,2023-12-20,петров.петр@yahoo.com
426,Попов Андрей,2024-01-10,попов.андрей@gmail.com
427,Кузнецов Алексей,2024-01-09,кузнецов.алексей@yahoo.com
428,Васильев Василий,2024-05-07,васильев.василий@example.com
429,Васильев Василий,2024-10-20,васильев.василий@gmail.com
430,Смирнов Сергей,2024-05-30,смирнов.сергей@example.com
431,Смирнов Сергей,2024-05-15,смирнов.сергей@mail.ru
432,Васильев Василий,2024-09-19,васильев.василий@gmail.com
433,Иванов Иван,2024-02-20,иванов.иван@gmail.com
434,Соловьев Артем,2024-02-04,соловьев.артем@mail.ru
435,Морозов Дмитрий,2024-09-25,морозов.дмитрий@yahoo.com
436,Иванов Иван,2024-10-20,иванов.иван@mail.ru
437,Попов Андрей,2024-05-16,попов.андрей@gmail.com
438,Сидоров Сидор,2024-11-10,сидоров.сидор@example.com
439,Кузнецов Алексей,2024-07-28,кузнецов.алексей@mail.ru
440,Смирнов Сергей,2024-07-08,смирнов.сергей@hotmail.com
441,Попов Андрей,2024-11-17,попов.андрей@mail.ru
442,Иванов Иван,2024-04-30,иванов.иван@example.com
443,Николаев Николай,2024-08-31,николаев.николай@mail.ru
444,Попов Андрей,2024-10-15,попов.андрей@example.com
445,Соловьев Артем,2024-06-13,соловьев.артем@hotmail.com
446,Морозов Дмитрий,2024-12-13,морозов.дмитрий@example.com
447,Сидоров Сидор,2024-07-12,сидоров.сидор@hotmail.com
448,Петров Петр,2024-06-27,петров.петр@yahoo.com
449,Васильев Василий,2024-12-09,васильев.василий@yahoo.com
450,Морозов Дмитрий,2024-01-19,морозов.дмитрий@hotmail.com
451,Морозов Дмитрий,2024-03-10,морозов.дмитрий@mail.ru
452,Васильев Василий,2024-02-16,васильев.василий@example.com
453,Сидоров Сидор,2024-04-05,сидоров.сидор@hotmail.com
454,Морозов Дмитрий,2024-02-24,морозов.дмитрий@yahoo.com
455,Сидоров Сидор,2024-03-11,сидоров.сидор@yahoo.com
456,Иванов Иван,2024-09-29,иванов.иван@hotmail.com
457,Соловьев Артем,2024-05-03,соловьев.артем@gmail.com
458,Сидоров Сидор,2024-11-11,сидоров.сидор@hotmail.com
459,Сидоров Сидор,2024-06-10,сидоров.сидор@mail.ru
460,Смирнов Сергей,2024-01-01,смирнов.сергей@mail.ru
461,Сидоров Сидор,2024-06-01,сидоров.сидор@hotmail.com
462,Сидоров Сидор,2024-04-09,сидоров.сидор@gmail.com
463,Васильев Василий,2024-04-06,васильев.василий@yahoo.com
464,Кузнецов Алексей,2024-01-19,кузнецов.алексей@hotmail.com
465,Кузнецов Алексей,2023-12-22,кузнецов.алексей@gmail.com
466,Смирнов Сергей,2024-01-26,смирнов.сергей@hotmail.com
467,Попов Андрей,2024-11-07,попов.андрей@gmail.com
468,Сидоров Сидор,2024-01-17,сидоров.сидор@yahoo.com
469,Соловьев Артем,2024-01-11,соловьев.артем@gmail.com
470,Николаев Николай,2024-07-19,николаев.николай@mail.ru
471,Сидоров Сидор,2024-02-25,сидоров.сидор@gmail.com
472,Морозов Дмитрий,2024-02-20,морозов.дмитрий@mail.ru
473,Сидоров Сидор,2024-10-29,сидоров.сидор@gmail.com
474,Попов Андрей,2024-03-14,попов.андрей@hotmail.com
475,Кузнецов Алексей,2024-07-25,кузнецов.алексей@gmail.com
476,Васильев Василий,2024-06-18,васильев.василий@gmail.com
477,Сидоров Сидор,2024-02-28,сидоров.сидор@gmail.com
478,Иванов Иван,2024-04-08,иванов.иван@mail.ru
479,Смирнов Сергей,2024-10-12,смирнов.сергей@mail.ru
480,Васильев Василий,2024-11-09,васильев.василий@gmail.com
481,Морозов Дмитрий,2024-05-17,морозов.дмитрий@yahoo.com
482,Смирнов Сергей,2023-12-18,смирнов.сергей@example.com
483,Смирнов Сергей,2024-12-07,смирнов.сергей@mail.ru
484,Петров Петр,2024-04-16,петров.петр@example.com
485,Кузнецов Алексей,2024-11-30,кузнецов.алексей@hotmail.com
486,Смирнов Сергей,2024-03-12,смирнов.сергей@hotmail.com
487,Смирнов Сергей,2023-12-19,смирнов.сергей@gmail.com
488,Васильев Василий,2024-06-17,васильев.василий@hotmail.com
489,Попов Андрей,2024-11-09,попов.андрей@hotmail.com
490,Сидоров Сидор,2024-09-07,сидоров.сидор@yahoo.com
491,Смирнов Сергей,2024-11-18,смирнов.сергей@example.com
492,Попов Андрей,2023-12-30,попов.андрей@mail.ru
493,Смирнов Сергей,2024-09-04,смирнов.сергей@mail.ru
494,Петров Петр,2024-02-25,петров.петр@hotmail.com
495,Сидоров Сидор,2024-01-10,сидоров.сидор@yahoo.com
496,Морозов Дмитрий,2024-03-25,морозов.дмитрий@yahoo.com
497,Николаев Николай,2024-03-21,николаев.николай@yahoo.com
498,Попов Андрей,2023-12-18,попов.андрей@gmail.com
499,Николаев Николай,2024-12-08,николаев.николай@mail.ru
500,Николаев Николай,2024-09-15,николаев.николай@yahoo.com
501,Васильев Василий,2024-05-30,васильев.василий@example.com
502,Петров Петр,2024-05-20,петров.петр@yahoo.com
503,Иванов Иван,2024-03-25,иванов.иван@gmail.com
504,Васильев Василий,2024-05-29,васильев.василий@mail.ru
505,Морозов Дмитрий,2024-02-07,морозов.дмитрий@yahoo.com
506,Николаев Николай,2024-07-30,николаев.николай@gmail.com
507,Сидоров Сидор,2024-04-22,сидоров.сидор@example.com
508,Смирнов Сергей,2024-07-22,смирнов.сергей@hotmail.com
509,Николаев Николай,2024-03-21,николаев.николай@yahoo.com
510,Смирнов Сергей,2024-08-06,смирнов.сергей@gmail.com
511,Морозов Дмитрий,2024-03-02,морозов.дмитрий@mail.ru
512,Смирнов Сергей,2024-05-05,смирнов.сергей@example.com
513,Смирнов Сергей,2024-04-20,смирнов.сергей@example.com
514,Попов Андрей,2023-12-27,попов.андрей@hotmail.com
515,Сидоров Сидор,2024-08-22,сидоров.сидор@example.com
516,Иванов Иван,2024-09-28,иванов.иван@mail.ru
517,Морозов Дмитрий,2024-11-17,морозов.дмитрий@gmail.com
518,Петров Петр,2024-08-05,петров.петр@example.com
519,Николаев Николай,2024-07-07,николаев.николай@mail.ru
520,Иванов Иван,2024-09-18,иванов.иван@gmail.com
521,Морозов Дмитрий,2024-02-13,морозов.дмитрий@gmail.com
522,Васильев Василий,2024-01-14,васильев.василий@gmail.com
523,Николаев Николай,2024-09-24,николаев.николай@mail.ru
524,Васильев Василий,2024-09-19,васильев.василий@yahoo.com
525,Иванов Иван,2024-03-08,иванов.иван@example.com
526,Смирнов Сергей,2024-11-19,смирнов.сергей@yahoo.com
527,Соловьев Артем,2024-04-06,соловьев.артем@hotmail.com
528,Иванов Иван,2023-12-31,иванов.иван@mail.ru
529,Петров Петр,2024-03-27,петров.петр@example.com
530,Петров Петр,2024-03-22,петров.петр@hotmail.com
531,Морозов Дмитрий,2024-11-13,морозов.дмитрий@example.com
532,Николаев Николай,2024-06-04,николаев.николай@example.com
533,Николаев Николай,2024-05-02,николаев.николай@example.com
534,Кузнецов Алексей,2024-08-09,кузнецов.алексей@mail.ru
535,Морозов Дмитрий,2023-12-27,морозов.дмитрий@hotmail.com
536,Иванов Иван,2024-10-10,иванов.иван@hotmail.com
537,Николаев Николай,2024-03-13,николаев.николай@gmail.com
538,Николаев Николай,2024-03-14,николаев.николай@mail.ru
539,Морозов Дмитрий,2024-08-09,морозов.дмитрий@hotmail.com
540,Иванов Иван,2024-04-29,иванов.иван@mail.ru
541,Смирнов Сергей,2024-09-13,смирнов.сергей@yahoo.com
542,Петров Петр,2024-04-02,петров.петр@example.com
543,Морозов Дмитрий,2024-06-11,морозов.дмитрий@hotmail.com
544,Петров Петр,2024-10-02,петров.петр@gmail.com
545,Смирнов Сергей,2024-09-18,смирнов.сергей@yahoo.com
546,Морозов Дмитрий,2024-08-07,морозов.дмитрий@hotmail.com
547,Попов Андрей,2023-12-25,попов.андрей@example.com
548,Смирнов Сергей,2024-11-16,смирнов.сергей@gmail.com
549,Иванов Иван,2024-06-17,иванов.иван@mail.ru
550,Смирнов Сергей,2024-09-03,смирнов.сергей@example.com
551,Кузнецов Алексей,2024-10-26,кузнецов.алексей@mail.ru
552,Сидоров Сидор,2024-01-19,сидоров.сидор@gmail.com
553,Кузнецов Алексей,2024-02-02,кузнецов.алексей@mail.ru
554,Соловьев Артем,2024-09-23,соловьев.артем@hotmail.com
555,Сидоров Сидор,2024-01-26,сидоров.сидор@mail.ru
556,Соловьев Артем,2024-04-06,соловьев.артем@yahoo.com
557,Сидоров Сидор,2024-03-26,сидоров.сидор@mail.ru
558,Кузнецов Алексей,2024-10-19,кузнецов.алексей@mail.ru
559,Кузнецов Алексей,2024-05-24,кузнецов.алексей@yahoo.com
560,Морозов Дмитрий,2024-07-24,морозов.дмитрий@yahoo.com
561,Соловьев Артем,2024-10-25,соловьев.артем@gmail.com
562,Николаев Николай,2024-07-13,николаев.николай@mail.ru
563,Смирнов Сергей,2024-12-14,смирнов.сергей@gmail.com
564,Сидоров Сидор,2024-10-15,сидоров.сидор@mail.ru
565,Сидоров Сидор,2024-05-17,сидоров.сидор@mail.ru
566,Иванов Иван,2024-05-05,иванов.иван@hotmail.com
567,Николаев Николай,2024-09-07,николаев.николай@mail.ru
568,Морозов Дмитрий,2024-05-31,морозов.дмитрий@example.com
569,Кузнецов Алексей,2024-02-06,кузнецов.алексей@gmail.com
570,Морозов Дмитрий,2024-01-20,морозов.дмитрий@hotmail.com
571,Николаев Николай,2024-01-21,николаев.николай@yahoo.com
572,Иванов Иван,2024-09-12,иванов.иван@hotmail.com
573,Иванов Иван,2024-03-19,иванов.иван@example.com
574,Николаев Николай,2024-05-17,николаев.николай@gmail.com
575,Соловьев Артем,2024-06-04,соловьев.артем@gmail.com
576,Соловьев Артем,2024-05-16,соловьев.артем@mail.ru
577,Соловьев Артем,2023-12-16,соловьев.артем@mail.ru
578,Сидоров Сидор,2024-06-01,сидоров.сидор@yahoo.com
579,Петров Петр,2024-07-02,петров.петр@yahoo.com
580,Васильев Василий,2024-09-21,васильев.василий@hotmail.com
581,Петров Петр,2024-11-15,петров.петр@hotmail.com
582,Сидоров Сидор,2024-11-28,сидоров.сидор@gmail.com
583,Сидоров Сидор,2024-04-16,сидоров.сидор@yahoo.com
584,Смирнов Сергей,2024-05-21,смирнов.сергей@example.com
585,Кузнецов Алексей,2024-05-15,кузнецов.алексей@mail.ru
586,Сидоров Сидор,2024-06-22,сидоров.сидор@example.com
587,Васильев Василий,2024-05-25,васильев.василий@hotmail.com
588,Соловьев Артем,2024-12-04,соловьев.артем@gmail.com
589,Петров Петр,2024-08-08,петров.петр@gmail.com
590,Иванов Иван,2024-03-17,иванов.иван@mail.ru
591,Николаев Николай,2024-05-27,николаев.николай@yahoo.com
592,Иванов Иван,2024-03-22,иванов.иван@example.com
593,Соловьев Артем,2023-12-29,соловьев.артем@mail.ru
594,Васильев Василий,2024-08-04,васильев.василий@yahoo.com
595,Смирнов Сергей,2024-01-20,смирнов.сергей@gmail.com
596,Соловьев Артем,2023-12-28,соловьев.артем@example.com
597,Петров Петр,2024-03-10,петров.петр@yahoo.com
598,Иванов Иван,2024-05-02,иванов.иван@yahoo.com
599,Васильев Василий,2024-03-24,васильев.василий@gmail.com
600,Соловьев Артем,2024-10-06,соловьев.артем@mail.ru
601,Соловьев Артем,2024-06-10,соловьев.артем@gmail.com
602,Николаев Николай,2024-05-09,николаев.николай@gmail.com
603,Попов Андрей,2024-03-24,попов.андрей@mail.ru
604,Морозов Дмитрий,2024-01-02,морозов.дмитрий@gmail.com
605,Смирнов Сергей,2024-02-28,смирнов.сергей@mail.ru
606,Попов Андрей,2024-09-22,попов.андрей@hotmail.com
607,Петров Петр,2024-08-03,петров.петр@gmail.com
608,Морозов Дмитрий,2024-03-05,морозов.дмитрий@yahoo.com
609,Морозов Дмитрий,2024-11-29,морозов.дмитрий@example.com
610,Соловьев Артем,2024-02-24,соловьев.артем@yahoo.com
611,Сидоров Сидор,2024-06-25,сидоров.сидор@gmail.com
612,Соловьев Артем,2024-01-27,соловьев.артем@example.com
613,Сидоров Сидор,2024-09-04,сидоров.сидор@yahoo.com
614,Васильев Василий,2024-03-24,васильев.василий@yahoo.com
615,Иванов Иван,2024-05-19,иванов.иван@gmail.com
616,Смирнов Сергей,2024-08-23,смирнов.сергей@hotmail.com
617,Васильев Василий,2024-11-09,васильев.василий@yahoo.com
618,Сидоров Сидор,2024-01-01,сидоров.сидор@yahoo.com
619,Николаев Николай,2024-07-13,николаев.николай@gmail.com
620,Попов Андрей,2024-11-09,попов.андрей@mail.ru
621,Кузнецов Алексей,2024-05-31,кузнецов.алексей@example.com
622,Николаев Николай,2024-01-09,николаев.николай@gmail.com
623,Смирнов Сергей,2024-12-14,смирнов.сергей@hotmail.com
624,Соловьев Артем,2024-12-09,соловьев.артем@example.com
625,Николаев Николай,2024-08-19,николаев.николай@yahoo.com
626,Попов Андрей,2024-06-10,попов.андрей@yahoo.com
627,Петров Петр,2024-09-24,петров.петр@example.com
628,Соловьев Артем,2024-10-28,соловьев.артем@example.com
629,Соловьев Артем,2024-05-07,соловьев.артем@gmail.com
630,Кузнецов Алексей,2024-06-12,кузнецов.алексей@gmail.com
631,Попов Андрей,2024-10-02,попов.андрей@gmail.com
632,Николаев Николай,2024-11-16,николаев.николай@gmail.com
633,Соловьев Артем,2024-03-17,соловьев.артем@hotmail.com
634,Кузнецов Алексей,2024-12-11,кузнецов.алексей@gmail.com
635,Соловьев Артем,2023-12-28,соловьев.артем@yahoo.com
636,Иванов Иван,2024-01-04,иванов.иван@hotmail.com
637,Иванов Иван,2024-11-26,иванов.иван@gmail.com
638,Петров Петр,2024-12-08,петров.петр@gmail.com
639,Кузнецов Алексей,2024-10-21,кузнецов.алексей@example.com
640,Кузнецов Алексей,2024-09-08,кузнецов.алексей@yahoo.com
641,Сидоров Сидор,2023-12-18,сидоров.сидор@yahoo.com
642,Попов Андрей,2024-05-17,попов.андрей@gmail.com
643,Морозов Дмитрий,2023-12-21,морозов.дмитрий@example.com
644,Николаев Николай,2024-02-02,николаев.николай@yahoo.com
645,Петров Петр,2024-02-07,петров.петр@example.com
646,Смирнов Сергей,2024-10-17,смирнов.сергей@example.com
647,Соловьев Артем,2024-11-29,соловьев.артем@yahoo.com
648,Иванов Иван,2024-02-28,иванов.иван@yahoo.com
649,Сидоров Сидор,2024-11-20,сидоров.сидор@gmail.com
650,Николаев Николай,2024-10-15,николаев.николай@yahoo.com
651,Васильев Василий,2024-08-02,васильев.василий@yahoo.com
652,Кузнецов Алексей,2024-04-11,кузнецов.алексей@mail.ru
653,Николаев Николай,2024-12-11,николаев.николай@mail.ru
654,Морозов Дмитрий,2024-10-09,морозов.дмитрий@hotmail.com
655,Попов Андрей,2024-11-14,попов.андрей@yahoo.com
656,Попов Андрей,2024-02-07,попов.андрей@gmail.com
657,Сидоров Сидор,2023-12-17,сидоров.сидор@hotmail.com
658,Морозов Дмитрий,2024-08-25,морозов.дмитрий@gmail.com
659,Иванов Иван,2024-08-03,иванов.иван@yahoo.com
660,Иванов Иван,2024-01-24,иванов.иван@yahoo.com
661,Попов Андрей,2024-11-02,попов.андрей@mail.ru
662,Васильев Василий,2023-12-25,васильев.василий@yahoo.com
663,Соловьев Артем,2024-06-18,соловьев.артем@mail.ru
664,Васильев Василий,2024-02-16,васильев.василий@hotmail.com
665,Васильев Василий,2024-08-16,васильев.василий@gmail.com
666,Соловьев Артем,2024-07-20,соловьев.артем@mail.ru
667,Соловьев Артем,2024-09-08,соловьев.артем@mail.ru
668,Николаев Николай,2024-07-23,николаев.николай@hotmail.com
669,Соловьев Артем,2024-06-11,соловьев.артем@mail.ru
670,Кузнецов Алексей,2024-09-25,кузнецов.алексей@mail.ru
671,Соловьев Артем,2024-09-07,соловьев.артем@gmail.com
672,Иванов Иван,2024-02-27,иванов.иван@yahoo.com
673,Смирнов Сергей,2024-04-14,смирнов.сергей@yahoo.com
674,Николаев Николай,2024-09-16,николаев.николай@yahoo.com
675,Морозов Дмитрий,2024-03-31,морозов.дмитрий@hotmail.com
676,Попов Андрей,2024-11-15,попов.андрей@hotmail.com
677,Кузнецов Алексей,2024-01-05,кузнецов.алексей@gmail.com
678,Попов Андрей,2024-02-26,попов.андрей@mail.ru
679,Кузнецов Алексей,2024-01-07,кузнецов.алексей@mail.ru
680,Васильев Василий,2024-02-08,васильев.василий@gmail.com
681,Соловьев Артем,2024-12-10,соловьев.артем@hotmail.com
682,Васильев Василий,2024-08-14,васильев.василий@yahoo.com
683,Смирнов Сергей,2024-04-18,смирнов.сергей@gmail.com
684,Морозов Дмитрий,2024-02-02,морозов.дмитрий@yahoo.com
685,Николаев Николай,2024-06-16,николаев.николай@example.com
686,Петров Петр,2024-07-15,петров.петр@example.com
687,Васильев Василий,2024-03-21,васильев.василий@yahoo.com
688,Попов Андрей,2024-05-28,попов.андрей@mail.ru
689,Попов Андрей,2024-09-09,попов.андрей@example.com
690,Васильев Василий,2024-11-01,васильев.василий@hotmail.com
691,Сидоров Сидор,2024-07-29,сидоров.сидор@example.com
692,Иванов Иван,2024-10-26,иванов.иван@hotmail.com
693,Кузнецов Алексей,2024-10-20,кузнецов.алексей@gmail.com
694,Соловьев Артем,2024-02-16,соловьев.артем@example.com
695,Попов Андрей,2024-01-01,попов.андрей@mail.ru
696,Иванов Иван,2024-10-21,иванов.иван@gmail.com
697,Васильев Василий,2024-08-11,васильев.василий@mail.ru
698,Петров Петр,2024-09-27,петров.петр@example.com
699,Морозов Дмитрий,2024-11-24,морозов.дмитрий@gmail.com
700,Попов Андрей,2024-09-14,попов.андрей@example.com
701,Попов Андрей,2024-08-26,попов.андрей@yahoo.com
702,Кузнецов Алексей,2024-02-04,кузнецов.алексей@gmail.com
703,Сидоров Сидор,2024-09-25,сидоров.сидор@hotmail.com
704,Сидоров Сидор,2024-04-17,сидоров.сидор@mail.ru
705,Сидоров Сидор,2024-11-12,сидоров.сидор@mail.ru
706,Морозов Дмитрий,2024-02-20,морозов.дмитрий@hotmail.com
707,Соловьев Артем,2024-02-07,соловьев.артем@example.com
708,Соловьев Артем,2023-12-17,соловьев.артем@example.com
709,Николаев Николай,2024-10-27,николаев.николай@gmail.com
710,Соловьев Артем,2024-07-29,соловьев.артем@gmail.com
711,Васильев Василий,2024-10-26,васильев.василий@hotmail.com
712,Соловьев Артем,2024-10-23,соловьев.артем@hotmail.com
713,Иванов Иван,2024-08-06,иванов.иван@hotmail.com
714,Попов Андрей,2024-01-17,попов.андрей@gmail.com
715,Сидоров Сидор,2024-04-03,сидоров.сидор@hotmail.com
716,Петров Петр,2024-02-20,петров.петр@hotmail.com
717,Иванов Иван,2024-08-06,иванов.иван@gmail.com
718,Николаев Николай,2024-09-13,николаев.николай@gmail.com
719,Попов Андрей,2024-07-04,попов.андрей@gmail.com
720,Кузнецов Алексей,2024-09-06,кузнецов.алексей@hotmail.com
721,Васильев Василий,2024-03-17,васильев.василий@example.com
722,Морозов Дмитрий,2023-12-30,морозов.дмитрий@example.com
723,Морозов Дмитрий,2024-05-12,морозов.дмитрий@example.com
724,Николаев Николай,2024-02-04,николаев.николай@gmail.com
725,Кузнецов Алексей,2024-07-08,кузнецов.алексей@mail.ru
726,Кузнецов Алексей,2024-02-08,кузнецов.алексей@yahoo.com
727,Соловьев Артем,2024-05-01,соловьев.артем@mail.ru
728,Петров Петр,2023-12-29,петров.петр@mail.ru
729,Кузнецов Алексей,2024-01-27,кузнецов.алексей@example.com
730,Николаев Николай,2024-08-10,николаев.николай@yahoo.com
731,Николаев Николай,2024-05-10,николаев.николай@hotmail.com
732,Смирнов Сергей,2024-05-22,смирнов.сергей@yahoo.com
733,Васильев Василий,2024-01-10,васильев.василий@gmail.com
734,Петров Петр,2024-05-25,петров.петр@example.com
735,Смирнов Сергей,2024-06-05,смирнов.сергей@yahoo.com
736,Петров Петр,2024-01-08,петров.петр@gmail.com
737,Морозов Дмитрий,2024-09-27,морозов.дмитрий@gmail.com
738,Николаев Николай,2024-05-13,николаев.николай@yahoo.com
739,Кузнецов Алексей,2024-05-10,кузнецов.алексей@gmail.com
740,Николаев Николай,2024-04-15,николаев.николай@gmail.com
741,Николаев Николай,2024-01-31,николаев.николай@yahoo.com
742,Соловьев Артем,2024-07-14,соловьев.артем@yahoo.com
743,Кузнецов Алексей,2024-10-24,кузнецов.алексей@mail.ru
744,Соловьев Артем,2024-09-30,соловьев.артем@mail.ru
745,Кузнецов Алексей,2023-12-20,кузнецов.алексей@hotmail.com
746,Васильев Василий,2024-06-30,васильев.василий@example.com
747,Кузнецов Алексей,2024-06-12,кузнецов.алексей@example.com
748,Петров Петр,2024-05-28,петров.петр@gmail.com
749,Кузнецов Алексей,2024-01-30,кузнецов.алексей@yahoo.com
750,Морозов Дмитрий,2024-02-02,морозов.дмитрий@yahoo.com
751,Кузнецов Алексей,2024-08-28,кузнецов.алексей@yahoo.com
752,Иванов Иван,2024-05-10,иванов.иван@mail.ru
753,Васильев Василий,2024-10-05,васильев.василий@yahoo.com
754,Николаев Николай,2024-04-07,николаев.николай@gmail.com
755,Иванов Иван,2024-09-20,иванов.иван@hotmail.com
756,Попов Андрей,2024-06-29,попов.андрей@gmail.com
757,Морозов Дмитрий,2024-01-10,морозов.дмитрий@hotmail.com
758,Смирнов Сергей,2024-10-20,смирнов.сергей@gmail.com
759,Соловьев Артем,2024-03-05,соловьев.артем@mail.ru
760,Петров Петр,2024-02-29,петров.петр@mail.ru
761,Кузнецов Алексей,2024-08-16,кузнецов.алексей@yahoo.com
762,Смирнов Сергей,2024-03-05,смирнов.сергей@mail.ru
763,Морозов Дмитрий,2024-09-23,морозов.дмитрий@hotmail.com
764,Сидоров Сидор,2024-03-23,сидоров.сидор@example.com
765,Иванов Иван,2024-07-09,иванов.иван@mail.ru
766,Смирнов Сергей,2024-08-21,смирнов.сергей@hotmail.com
767,Попов Андрей,2024-06-24,попов.андрей@gmail.com
768,Морозов Дмитрий,2024-08-21,морозов.дмитрий@hotmail.com
769,Иванов Иван,2024-01-19,иванов.иван@yahoo.com
770,Николаев Николай,2024-10-26,николаев.николай@gmail.com
771,Соловьев Артем,2024-05-30,соловьев.артем@hotmail.com
772,Васильев Василий,2024-05-09,васильев.василий@mail.ru
773,Морозов Дмитрий,2024-04-17,морозов.дмитрий@yahoo.com
774,Кузнецов Алексей,2024-04-05,кузнецов.алексей@yahoo.com
775,Попов Андрей,2024-02-09,попов.андрей@hotmail.com
776,Соловьев Артем,2024-08-02,соловьев.артем@mail.ru
777,Иванов Иван,2024-05-16,иванов.иван@hotmail.com
778,Сидоров Сидор,2024-05-09,сидоров.сидор@example.com
779,Николаев Николай,2024-06-13,николаев.николай@gmail.com
780,Петров Петр,2024-12-01,петров.петр@yahoo.com
781,Николаев Николай,2024-03-28,николаев.николай@hotmail.com
782,Кузнецов Алексей,2024-05-10,кузнецов.алексей@hotmail.com
783,Петров Петр,2024-11-13,петров.петр@hotmail.com
784,Соловьев Артем,2024-03-20,соловьев.артем@gmail.com
785,Морозов Дмитрий,2024-03-10,морозов.дмитрий@hotmail.com
786,Петров Петр,2024-10-27,петров.петр@example.com
787,Петров Петр,2024-03-21,петров.петр@mail.ru
788,Соловьев Артем,2024-05-12,соловьев.артем@hotmail.com
789,Смирнов Сергей,2024-11-07,смирнов.сергей@yahoo.com
790,Попов Андрей,2024-08-21,попов.андрей@yahoo.com
791,Петров Петр,2024-11-22,петров.петр@hotmail.com
792,Иванов Иван,2024-03-30,иванов.иван@gmail.com
793,Смирнов Сергей,2024-04-28,смирнов.сергей@yahoo.com
794,Морозов Дмитрий,2024-05-28,морозов.дмитрий@mail.ru
795,Сидоров Сидор,2024-09-25,сидоров.сидор@yahoo.com
796,Сидоров Сидор,2024-11-28,сидоров.сидор@mail.ru
797,Соловьев Артем,2024-09-25,соловьев.артем@gmail.com
798,Попов Андрей,2024-01-08,попов.андрей@hotmail.com
799,Морозов Дмитрий,2024-10-20,морозов.дмитрий@hotmail.com
800,Соловьев Артем,2024-09-08,соловьев.артем@mail.ru
801,Кузнецов Алексей,2024-05-30,кузнецов.алексей@yahoo.com
802,Иванов Иван,2024-11-22,иванов.иван@hotmail.com
803,Иванов Иван,2024-11-11,иванов.иван@yahoo.com
804,Смирнов Сергей,2024-11-08,смирнов.сергей@mail.ru
805,Сидоров Сидор,2024-07-17,сидоров.сидор@gmail.com
806,Смирнов Сергей,2024-04-04,смирнов.сергей@gmail.com
807,Смирнов Сергей,2024-10-02,смирнов.сергей@gmail.com
808,Попов Андрей,2024-04-18,попов.андрей@mail.ru
809,Смирнов Сергей,2024-09-30,смирнов.сергей@mail.ru
810,Попов Андрей,2024-09-10,попов.андрей@example.com
811,Смирнов Сергей,2024-07-06,смирнов.сергей@example.com
812,Сидоров Сидор,2024-06-07,сидоров.сидор@mail.ru
813,Петров Петр,2024-04-09,петров.петр@hotmail.com
814,Иванов Иван,2024-01-13,иванов.иван@gmail.com
815,Сидоров Сидор,2024-12-01,сидоров.сидор@gmail.com
816,Сидоров Сидор,2024-02-04,сидоров.сидор@gmail.com
817,Попов Андрей,2024-02-03,попов.андрей@hotmail.com
818,Кузнецов Алексей,2024-11-15,кузнецов.алексей@yahoo.com
819,Кузнецов Алексей,2024-04-08,кузнецов.алексей@hotmail.com
820,Сидоров Сидор,2023-12-25,сидоров.сидор@example.com
821,Петров Петр,2024-05-13,петров.петр@mail.ru
822,Васильев Василий,2024-05-27,васильев.василий@yahoo.com
823,Петров Петр,2024-10-03,петров.петр@example.com
824,Васильев Василий,2024-07-06,васильев.василий@hotmail.com
825,Морозов Дмитрий,2024-05-31,морозов.дмитрий@gmail.com
826,Морозов Дмитрий,2024-06-23,морозов.дмитрий@mail.ru
827,Сидоров Сидор,2024-02-12,сидоров.сидор@example.com
828,Попов Андрей,2024-03-19,попов.андрей@mail.ru
829,Иванов Иван,2024-06-15,иванов.иван@gmail.com
830,Петров Петр,2024-04-01,петров.петр@yahoo.com
831,Смирнов Сергей,2024-01-22,смирнов.сергей@example.com
832,Сидоров Сидор,2024-04-25,сидоров.сидор@mail.ru
833,Морозов Дмитрий,2024-07-13,морозов.дмитрий@mail.ru
834,Васильев Василий,2023-12-20,васильев.василий@example.com
835,Иванов Иван,2024-12-14,иванов.иван@example.com
836,Попов Андрей,2024-08-19,попов.андрей@gmail.com
837,Соловьев Артем,2024-12-13,соловьев.артем@mail.ru
838,Васильев Василий,2024-07-05,васильев.василий@hotmail.com
839,Иванов Иван,2024-09-29,иванов.иван@example.com
840,Петров Петр,2024-04-22,петров.петр@mail.ru
841,Соловьев Артем,2024-03-16,соловьев.артем@hotmail.com
842,Попов Андрей,2024-09-12,попов.андрей@hotmail.com
843,Морозов Дмитрий,2024-07-14,морозов.дмитрий@example.com
844,Николаев Николай,2024-04-25,николаев.николай@hotmail.com
845,Смирнов Сергей,2024-07-05,смирнов.сергей@gmail.com
846,Николаев Николай,2024-04-26,николаев.николай@yahoo.com
847,Морозов Дмитрий,2024-01-01,морозов.дмитрий@example.com
848,Сидоров Сидор,2024-11-16,сидоров.сидор@mail.ru
849,Кузнецов Алексей,2024-11-25,кузнецов.алексей@mail.ru
850,Васильев Василий,2024-05-04,васильев.василий@mail.ru
851,Смирнов Сергей,2024-12-02,смирнов.сергей@mail.ru
852,Попов Андрей,2024-09-05,попов.андрей@gmail.com
853,Попов Андрей,2024-04-16,попов.андрей@hotmail.com
854,Смирнов Сергей,2024-03-25,смирнов.сергей@hotmail.com
855,Петров Петр,2024-12-06,петров.петр@example.com
856,Иванов Иван,2024-09-29,иванов.иван@yahoo.com
857,Сидоров Сидор,2024-03-05,сидоров.сидор@example.com
858,Морозов Дмитрий,2024-04-25,морозов.дмитрий@hotmail.com
859,Морозов Дмитрий,2024-12-14,морозов.дмитрий@hotmail.com
860,Николаев Николай,2024-08-25,николаев.николай@hotmail.com
861,Васильев Василий,2024-04-09,васильев.василий@hotmail.com
862,Морозов Дмитрий,2024-09-16,морозов.дмитрий@hotmail.com
863,Васильев Василий,2024-01-06,васильев.василий@mail.ru
864,Николаев Николай,2024-12-03,николаев.николай@gmail.com
865,Николаев Николай,2024-01-04,николаев.николай@mail.ru
866,Попов Андрей,2024-04-23,попов.андрей@example.com
867,Николаев Николай,2024-10-04,николаев.николай@yahoo.com
868,Кузнецов Алексей,2024-03-19,кузнецов.алексей@example.com
869,Кузнецов Алексей,2024-01-19,кузнецов.алексей@example.com
870,Попов Андрей,2024-07-23,попов.андрей@gmail.com
871,Петров Петр,2024-05-17,петров.петр@gmail.com
872,Сидоров Сидор,2024-08-25,сидоров.сидор@example.com
873,Кузнецов Алексей,2024-02-29,кузнецов.алексей@yahoo.com
874,Морозов Дмитрий,2024-02-28,морозов.дмитрий@hotmail.com
875,Иванов Иван,2024-09-08,иванов.иван@example.com
876,Васильев Василий,2024-08-27,васильев.василий@gmail.com
877,Смирнов Сергей,2024-12-13,смирнов.сергей@yahoo.com
878,Смирнов Сергей,2024-11-08,смирнов.сергей@hotmail.com
879,Кузнецов Алексей,2024-06-09,кузнецов.алексей@hotmail.com
880,Николаев Николай,2024-06-21,николаев.николай@mail.ru
881,Сидоров Сидор,2024-03-09,сидоров.сидор@hotmail.com
882,Васильев Василий,2024-12-11,васильев.василий@yahoo.com
883,Петров Петр,2024-11-17,петров.петр@yahoo.com
884,Кузнецов Алексей,2024-05-18,кузнецов.алексей@hotmail.com
885,Николаев Николай,2023-12-21,николаев.николай@hotmail.com
886,Васильев Василий,2024-09-20,васильев.василий@example.com
887,Кузнецов Алексей,2024-07-21,кузнецов.алексей@example.com
888,Васильев Василий,2024-02-06,васильев.василий@hotmail.com
889,Николаев Николай,2024-12-10,николаев.николай@hotmail.com
890,Смирнов Сергей,2024-11-27,смирнов.сергей@mail.ru
891,Соловьев Артем,2023-12-27,соловьев.артем@gmail.com
892,Сидоров Сидор,2024-02-09,сидоров.сидор@hotmail.com
893,Кузнецов Алексей,2024-01-30,кузнецов.алексей@gmail.com
894,Смирнов Сергей,2024-09-03,смирнов.сергей@hotmail.com
895,Васильев Василий,2024-02-27,васильев.василий@hotmail.com
896,Попов Андрей,2024-08-09,попов.андрей@hotmail.com
897,Морозов Дмитрий,2024-10-31,морозов.дмитрий@hotmail.com
898,Попов Андрей,2024-01-25,попов.андрей@example.com
899,Николаев Николай,2024-03-24,николаев.николай@example.com
900,Иванов Иван,2024-03-01,иванов.иван@mail.ru
901,Иванов Иван,2024-06-05,иванов.иван@hotmail.com
902,Николаев Николай,2024-08-12,николаев.николай@gmail.com
903,Кузнецов Алексей,2024-03-11,кузнецов.алексей@yahoo.com
904,Сидоров Сидор,2024-05-04,сидоров.сидор@gmail.com
905,Николаев Николай,2024-01-09,николаев.николай@gmail.com
906,Николаев Николай,2024-05-10,николаев.николай@hotmail.com
907,Сидоров Сидор,2024-11-22,сидоров.сидор@yahoo.com
908,Попов Андрей,2024-01-06,попов.андрей@example.com
909,Попов Андрей,2024-08-19,попов.андрей@mail.ru
910,Соловьев Артем,2023-12-21,соловьев.артем@mail.ru
911,Соловьев Артем,2024-01-13,соловьев.артем@gmail.com
912,Морозов Дмитрий,2024-01-28,морозов.дмитрий@example.com
913,Васильев Василий,2024-06-29,васильев.василий@hotmail.com
914,Смирнов Сергей,2024-08-02,смирнов.сергей@hotmail.com
915,Сидоров Сидор,2024-05-05,сидоров.сидор@example.com
916,Морозов Дмитрий,2024-05-31,морозов.дмитрий@hotmail.com
917,Морозов Дмитрий,2024-02-18,морозов.дмитрий@mail.ru
918,Николаев Николай,2024-04-24,николаев.николай@yahoo.com
919,Васильев Василий,2024-01-06,васильев.василий@hotmail.com
920,Васильев Василий,2024-09-01,васильев.василий@gmail.com
921,Соловьев Артем,2024-02-27,соловьев.артем@hotmail.com
922,Васильев Василий,2024-04-29,васильев.василий@gmail.com
923,Попов Андрей,2024-12-13,попов.андрей@hotmail.com
924,Соловьев Артем,2024-01-15,соловьев.артем@yahoo.com
925,Кузнецов Алексей,2024-05-15,кузнецов.алексей@example.com
926,Николаев Николай,2024-11-12,николаев.николай@gmail.com
927,Морозов Дмитрий,2024-09-11,морозов.дмитрий@gmail.com
928,Попов Андрей,2024-03-12,попов.андрей@gmail.com
929,Попов Андрей,2024-02-22,попов.андрей@example.com
930,Сидоров Сидор,2024-01-17,сидоров.сидор@example.com
931,Васильев Василий,2024-02-25,васильев.василий@gmail.com
932,Петров Петр,2024-06-05,петров.петр@mail.ru
933,Николаев Николай,2024-08-04,николаев.николай@yahoo.com
934,Сидоров Сидор,2024-01-18,сидоров.сидор@yahoo.com
935,Смирнов Сергей,2024-02-04,смирнов.сергей@gmail.com
936,Николаев Николай,2024-07-10,николаев.николай@example.com
937,Соловьев Артем,2024-05-31,соловьев.артем@example.com
938,Попов Андрей,2024-03-31,попов.андрей@example.com
939,Сидоров Сидор,2024-02-15,сидоров.сидор@gmail.com
940,Петров Петр,2024-10-27,петров.петр@hotmail.com
941,Петров Петр,2024-07-10,петров.петр@hotmail.com
942,Смирнов Сергей,2024-07-14,смирнов.сергей@hotmail.com
943,Попов Андрей,2023-12-20,попов.андрей@example.com
944,Иванов Иван,2024-07-01,иванов.иван@example.com
945,Сидоров Сидор,2024-03-04,сидоров.сидор@example.com
946,Петров Петр,2024-01-26,петров.петр@example.com
947,Кузнецов Алексей,2024-08-02,кузнецов.алексей@mail.ru
948,Васильев Василий,2024-04-18,васильев.василий@mail.ru
949,Морозов Дмитрий,2024-03-13,морозов.дмитрий@mail.ru
950,Кузнецов Алексей,2024-06-18,кузнецов.алексей@mail.ru
951,Петров Петр,2024-04-02,петров.петр@hotmail.com
952,Попов Андрей,2024-03-05,попов.андрей@hotmail.com
953,Морозов Дмитрий,2024-04-28,морозов.дмитрий@gmail.com
954,Сидоров Сидор,2024-10-10,сидоров.сидор@gmail.com
955,Сидоров Сидор,2024-08-22,сидоров.сидор@example.com
956,Иванов Иван,2024-09-24,иванов.иван@gmail.com
957,Кузнецов Алексей,2024-01-18,кузнецов.алексей@mail.ru
958,Васильев Василий,2023-12-16,васильев.василий@mail.ru
959,Попов Андрей,2024-03-17,попов.андрей@mail.ru
960,Морозов Дмитрий,2024-07-03,морозов.дмитрий@yahoo.com
961,Попов Андрей,2024-10-12,попов.андрей@gmail.com
962,Соловьев Артем,2024-02-15,соловьев.артем@mail.ru
963,Васильев Василий,2024-05-31,васильев.василий@example.com
964,Николаев Николай,2024-07-11,николаев.николай@gmail.com
965,Морозов Дмитрий,2024-09-02,морозов.дмитрий@example.com
966,Николаев Николай,2024-12-02,николаев.николай@example.com
967,Васильев Василий,2024-01-29,васильев.василий@mail.ru
968,Кузнецов Алексей,2024-11-21,кузнецов.алексей@gmail.com
969,Смирнов Сергей,2024-09-11,смирнов.сергей@example.com
970,Петров Петр,2024-07-03,петров.петр@mail.ru
971,Попов Андрей,2024-06-09,попов.андрей@yahoo.com
972,Иванов Иван,2024-09-12,иванов.иван@example.com
973,Иванов Иван,2024-02-27,иванов.иван@hotmail.com
974,Иванов Иван,2024-10-16,иванов.иван@hotmail.com
975,Попов Андрей,2024-01-13,попов.андрей@hotmail.com
976,Сидоров Сидор,2024-03-27,сидоров.сидор@example.com
977,Васильев Василий,2024-06-30,васильев.василий@mail.ru
978,Морозов Дмитрий,2024-01-13,морозов.дмитрий@gmail.com
979,Васильев Василий,2024-02-01,васильев.василий@example.com
980,Иванов Иван,2024-01-10,иванов.иван@yahoo.com
981,Кузнецов Алексей,2024-01-05,кузнецов.алексей@gmail.com
982,Морозов Дмитрий,2024-06-10,морозов.дмитрий@gmail.com
983,Николаев Николай,2024-01-15,николаев.николай@hotmail.com
984,Смирнов Сергей,2024-02-11,смирнов.сергей@gmail.com
985,Васильев Василий,2024-05-05,васильев.василий@gmail.com
986,Смирнов Сергей,2024-03-10,смирнов.сергей@example.com
987,Васильев Василий,2024-01-23,васильев.василий@hotmail.com
988,Соловьев Артем,2024-01-08,соловьев.артем@hotmail.com
989,Николаев Николай,2024-08-13,николаев.николай@yahoo.com
990,Иванов Иван,2024-05-24,иванов.иван@example.com
991,Соловьев Артем,2024-03-21,соловьев.артем@example.com
992,Николаев Николай,2024-01-22,николаев.николай@yahoo.com
993,Петров Петр,2024-02-22,петров.петр@hotmail.com
994,Сидоров Сидор,2024-01-03,сидоров.сидор@hotmail.com
995,Морозов Дмитрий,2024-01-28,морозов.дмитрий@gmail.com
996,Кузнецов Алексей,2024-01-22,кузнецов.алексей@yahoo.com
997,Попов Андрей,2024-11-02,попов.андрей@mail.ru
998,Васильев Василий,2024-10-05,васильев.василий@gmail.com
999,Попов Андрей,2024-01-07,попов.андрей@hotmail.com
1000,Смирнов Сергей,2024-11-24,смирнов.сергей@mail.ru
